{
  "v": "5.7.4",
  "fr": 30,
  "ip": 0,
  "op": 180,
  "w": 500,
  "h": 500,
  "nm": "Form Background Animation",
  "ddd": 0,
  "assets": [],
  "layers": [
    {
      "ddd": 0,
      "ind": 1,
      "ty": 4,
      "nm": "Blob 1",
      "sr": 1,
      "ks": {
        "o": { "a": 0, "k": 10 },
        "r": {
          "a": 1,
          "k": [
            {
              "i": { "x": [0.667], "y": [1] },
              "o": { "x": [0.333], "y": [0] },
              "t": 0,
              "s": [0]
            },
            { "t": 180, "s": [360] }
          ]
        },
        "p": { "a": 0, "k": [400, 100, 0] },
        "a": { "a": 0, "k": [0, 0, 0] },
        "s": {
          "a": 1,
          "k": [
            {
              "i": { "x": [0.667, 0.667, 0.667], "y": [1, 1, 1] },
              "o": { "x": [0.333, 0.333, 0.333], "y": [0, 0, 0] },
              "t": 0,
              "s": [100, 100, 100]
            },
            {
              "i": { "x": [0.667, 0.667, 0.667], "y": [1, 1, 1] },
              "o": { "x": [0.333, 0.333, 0.333], "y": [0, 0, 0] },
              "t": 90,
              "s": [120, 120, 100]
            },
            { "t": 180, "s": [100, 100, 100] }
          ]
        }
      },
      "ao": 0,
      "shapes": [
        {
          "ty": "gr",
          "it": [
            {
              "ty": "path",
              "d": {
                "a": 0,
                "k": "M 0,0 C 20,-40 60,-20 70,0 C 80,20 60,60 30,70 C 0,80 -40,60 -50,30 C -60,0 -20,-40 0,0 z"
              }
            },
            {
              "ty": "fl",
              "c": { "a": 0, "k": [0.102, 0.443, 0.18, 1] },
              "o": { "a": 0, "k": 100 }
            },
            {
              "ty": "tr",
              "p": { "a": 0, "k": [0, 0] },
              "a": { "a": 0, "k": [0, 0] },
              "s": { "a": 0, "k": [100, 100] },
              "r": { "a": 0, "k": 0 },
              "o": { "a": 0, "k": 100 }
            }
          ],
          "nm": "Blob Shape"
        }
      ],
      "ip": 0,
      "op": 180,
      "st": 0
    },
    {
      "ddd": 0,
      "ind": 2,
      "ty": 4,
      "nm": "Blob 2",
      "sr": 1,
      "ks": {
        "o": { "a": 0, "k": 10 },
        "r": {
          "a": 1,
          "k": [
            {
              "i": { "x": [0.667], "y": [1] },
              "o": { "x": [0.333], "y": [0] },
              "t": 0,
              "s": [0]
            },
            { "t": 180, "s": [-360] }
          ]
        },
        "p": { "a": 0, "k": [100, 400, 0] },
        "a": { "a": 0, "k": [0, 0, 0] },
        "s": {
          "a": 1,
          "k": [
            {
              "i": { "x": [0.667, 0.667, 0.667], "y": [1, 1, 1] },
              "o": { "x": [0.333, 0.333, 0.333], "y": [0, 0, 0] },
              "t": 0,
              "s": [100, 100, 100]
            },
            {
              "i": { "x": [0.667, 0.667, 0.667], "y": [1, 1, 1] },
              "o": { "x": [0.333, 0.333, 0.333], "y": [0, 0, 0] },
              "t": 90,
              "s": [120, 120, 100]
            },
            { "t": 180, "s": [100, 100, 100] }
          ]
        }
      },
      "ao": 0,
      "shapes": [
        {
          "ty": "gr",
          "it": [
            {
              "ty": "path",
              "d": {
                "a": 0,
                "k": "M 0,0 C 30,-30 60,-10 70,20 C 80,50 60,80 30,90 C 0,100 -40,80 -60,50 C -80,20 -30,-30 0,0 z"
              }
            },
            {
              "ty": "fl",
              "c": { "a": 0, "k": [0.102, 0.443, 0.18, 1] },
              "o": { "a": 0, "k": 100 }
            },
            {
              "ty": "tr",
              "p": { "a": 0, "k": [0, 0] },
              "a": { "a": 0, "k": [0, 0] },
              "s": { "a": 0, "k": [100, 100] },
              "r": { "a": 0, "k": 0 },
              "o": { "a": 0, "k": 100 }
            }
          ],
          "nm": "Blob Shape"
        }
      ],
      "ip": 0,
      "op": 180,
      "st": 0
    }
  ]
}
