{
  "v": "5.7.4",
  "fr": 30,
  "ip": 0,
  "op": 90,
  "w": 300,
  "h": 300,
  "nm": "Location Pin Animation",
  "ddd": 0,
  "assets": [],
  "layers": [
    {
      "ddd": 0,
      "ind": 1,
      "ty": 4,
      "nm": "Pin",
      "sr": 1,
      "ks": {
        "o": { "a": 0, "k": 100 },
        "r": {
          "a": 1,
          "k": [
            {
              "i": { "x": [0.667], "y": [1] },
              "o": { "x": [0.333], "y": [0] },
              "t": 0,
              "s": [-5]
            },
            {
              "i": { "x": [0.667], "y": [1] },
              "o": { "x": [0.333], "y": [0] },
              "t": 45,
              "s": [5]
            },
            { "t": 90, "s": [-5] }
          ]
        },
        "p": {
          "a": 1,
          "k": [
            {
              "i": { "x": 0.667, "y": 1 },
              "o": { "x": 0.333, "y": 0 },
              "t": 0,
              "s": [150, 140, 0]
            },
            {
              "i": { "x": 0.667, "y": 1 },
              "o": { "x": 0.333, "y": 0 },
              "t": 45,
              "s": [150, 130, 0]
            },
            { "t": 90, "s": [150, 140, 0] }
          ]
        },
        "a": { "a": 0, "k": [0, 0, 0] },
        "s": { "a": 0, "k": [100, 100, 100] }
      },
      "ao": 0,
      "shapes": [
        {
          "ty": "gr",
          "it": [
            {
              "ty": "path",
              "d": {
                "a": 0,
                "k": "M 0,-50 C -27.5,-50 -50,-27.5 -50,0 C -50,27.5 0,75 0,75 C 0,75 50,27.5 50,0 C 50,-27.5 27.5,-50 0,-50 z"
              },
              "hd": false
            },
            {
              "ty": "fl",
              "c": { "a": 0, "k": [0.102, 0.443, 0.18, 1] },
              "o": { "a": 0, "k": 100 }
            },
            {
              "ty": "tr",
              "p": { "a": 0, "k": [0, 0] },
              "a": { "a": 0, "k": [0, 0] },
              "s": { "a": 0, "k": [100, 100] },
              "r": { "a": 0, "k": 0 },
              "o": { "a": 0, "k": 100 }
            }
          ],
          "nm": "Pin Shape"
        },
        {
          "ty": "gr",
          "it": [
            {
              "ty": "el",
              "p": { "a": 0, "k": [0, 0] },
              "s": { "a": 0, "k": [30, 30] }
            },
            {
              "ty": "fl",
              "c": { "a": 0, "k": [1, 1, 1, 1] },
              "o": { "a": 0, "k": 100 }
            },
            {
              "ty": "tr",
              "p": { "a": 0, "k": [0, -15] },
              "a": { "a": 0, "k": [0, 0] },
              "s": { "a": 0, "k": [100, 100] },
              "r": { "a": 0, "k": 0 },
              "o": { "a": 0, "k": 100 }
            }
          ],
          "nm": "Circle"
        }
      ],
      "ip": 0,
      "op": 90,
      "st": 0
    },
    {
      "ddd": 0,
      "ind": 2,
      "ty": 4,
      "nm": "Shadow",
      "sr": 1,
      "ks": {
        "o": {
          "a": 1,
          "k": [
            {
              "i": { "x": [0.667], "y": [1] },
              "o": { "x": [0.333], "y": [0] },
              "t": 0,
              "s": [30]
            },
            {
              "i": { "x": [0.667], "y": [1] },
              "o": { "x": [0.333], "y": [0] },
              "t": 45,
              "s": [60]
            },
            { "t": 90, "s": [30] }
          ]
        },
        "r": { "a": 0, "k": 0 },
        "p": { "a": 0, "k": [150, 220, 0] },
        "a": { "a": 0, "k": [0, 0, 0] },
        "s": {
          "a": 1,
          "k": [
            {
              "i": { "x": [0.667, 0.667, 0.667], "y": [1, 1, 1] },
              "o": { "x": [0.333, 0.333, 0.333], "y": [0, 0, 0] },
              "t": 0,
              "s": [80, 20, 100]
            },
            {
              "i": { "x": [0.667, 0.667, 0.667], "y": [1, 1, 1] },
              "o": { "x": [0.333, 0.333, 0.333], "y": [0, 0, 0] },
              "t": 45,
              "s": [100, 30, 100]
            },
            { "t": 90, "s": [80, 20, 100] }
          ]
        }
      },
      "ao": 0,
      "shapes": [
        {
          "ty": "gr",
          "it": [
            {
              "ty": "el",
              "p": { "a": 0, "k": [0, 0] },
              "s": { "a": 0, "k": [60, 20] }
            },
            {
              "ty": "fl",
              "c": { "a": 0, "k": [0.1, 0.1, 0.1, 1] },
              "o": { "a": 0, "k": 100 }
            },
            {
              "ty": "tr",
              "p": { "a": 0, "k": [0, 0] },
              "a": { "a": 0, "k": [0, 0] },
              "s": { "a": 0, "k": [100, 100] },
              "r": { "a": 0, "k": 0 },
              "o": { "a": 0, "k": 100 }
            }
          ],
          "nm": "Shadow Ellipse"
        }
      ],
      "ip": 0,
      "op": 90,
      "st": 0
    }
  ]
}
