{
  "v": "5.7.4",
  "fr": 30,
  "ip": 0,
  "op": 90,
  "w": 300,
  "h": 300,
  "nm": "OTP Verification",
  "ddd": 0,
  "assets": [],
  "layers": [
    {
      "ddd": 0,
      "ind": 1,
      "ty": 4,
      "nm": "Circle",
      "sr": 1,
      "ks": {
        "o": {
          "a": 1,
          "k": [
            {
              "i": { "x": [0.667], "y": [1] },
              "o": { "x": [0.333], "y": [0] },
              "t": 0,
              "s": [100]
            },
            {
              "i": { "x": [0.667], "y": [1] },
              "o": { "x": [0.333], "y": [0] },
              "t": 45,
              "s": [50]
            },
            {
              "t": 90,
              "s": [100]
            }
          ]
        },
        "r": { "a": 0, "k": 0 },
        "p": { "a": 0, "k": [150, 150, 0] },
        "a": { "a": 0, "k": [0, 0, 0] },
        "s": {
          "a": 1,
          "k": [
            {
              "i": { "x": [0.667, 0.667, 0.667], "y": [1, 1, 1] },
              "o": { "x": [0.333, 0.333, 0.333], "y": [0, 0, 0] },
              "t": 0,
              "s": [100, 100, 100]
            },
            {
              "i": { "x": [0.667, 0.667, 0.667], "y": [1, 1, 1] },
              "o": { "x": [0.333, 0.333, 0.333], "y": [0, 0, 0] },
              "t": 45,
              "s": [120, 120, 100]
            },
            {
              "t": 90,
              "s": [100, 100, 100]
            }
          ]
        }
      },
      "ao": 0,
      "shapes": [
        {
          "ty": "gr",
          "it": [
            {
              "d": 1,
              "ty": "el",
              "s": { "a": 0, "k": [100, 100] },
              "p": { "a": 0, "k": [0, 0] }
            },
            {
              "ty": "st",
              "c": { "a": 0, "k": [0.102, 0.443, 0.18, 1] },
              "o": { "a": 0, "k": 100 },
              "w": { "a": 0, "k": 10 },
              "lc": 2,
              "lj": 1,
              "ml": 4
            },
            {
              "ty": "tr",
              "p": { "a": 0, "k": [0, 0] },
              "a": { "a": 0, "k": [0, 0] },
              "s": { "a": 0, "k": [100, 100] },
              "r": { "a": 0, "k": 0 },
              "o": { "a": 0, "k": 100 }
            }
          ],
          "nm": "Circle"
        },
        {
          "ty": "gr",
          "it": [
            {
              "ty": "rc",
              "d": 1,
              "s": { "a": 0, "k": [20, 20] },
              "p": { "a": 0, "k": [0, 0] },
              "r": { "a": 0, "k": 5 }
            },
            {
              "ty": "fl",
              "c": { "a": 0, "k": [0.102, 0.443, 0.18, 1] },
              "o": { "a": 0, "k": 100 }
            },
            {
              "ty": "tr",
              "p": {
                "a": 1,
                "k": [
                  {
                    "i": { "x": 0.667, "y": 1 },
                    "o": { "x": 0.333, "y": 0 },
                    "t": 0,
                    "s": [-30, 0],
                    "to": [10, 0],
                    "ti": [0, 0]
                  },
                  {
                    "i": { "x": 0.667, "y": 1 },
                    "o": { "x": 0.333, "y": 0 },
                    "t": 30,
                    "s": [30, 0],
                    "to": [0, 0],
                    "ti": [10, 0]
                  },
                  {
                    "i": { "x": 0.667, "y": 1 },
                    "o": { "x": 0.333, "y": 0 },
                    "t": 60,
                    "s": [-30, 0],
                    "to": [-10, 0],
                    "ti": [-10, 0]
                  },
                  {
                    "t": 90,
                    "s": [-30, 0]
                  }
                ]
              },
              "a": { "a": 0, "k": [0, 0] },
              "s": { "a": 0, "k": [100, 100] },
              "r": { "a": 0, "k": 0 },
              "o": { "a": 0, "k": 100 }
            }
          ],
          "nm": "Square 1"
        }
      ],
      "ip": 0,
      "op": 90,
      "st": 0
    }
  ]
}
