{
  "v": "5.7.4",
  "fr": 30,
  "ip": 0,
  "op": 120,
  "w": 300,
  "h": 300,
  "nm": "Welcome Animation",
  "ddd": 0,
  "assets": [],
  "layers": [
    {
      "ddd": 0,
      "ind": 1,
      "ty": 4,
      "nm": "Circle",
      "sr": 1,
      "ks": {
        "o": { "a": 0, "k": 100 },
        "r": { "a": 0, "k": 0 },
        "p": { "a": 0, "k": [150, 150, 0] },
        "a": { "a": 0, "k": [0, 0, 0] },
        "s": {
          "a": 1,
          "k": [
            {
              "i": { "x": [0.667, 0.667, 0.667], "y": [1, 1, 1] },
              "o": { "x": [0.333, 0.333, 0.333], "y": [0, 0, 0] },
              "t": 0,
              "s": [0, 0, 100]
            },
            {
              "i": { "x": [0.667, 0.667, 0.667], "y": [1, 1, 1] },
              "o": { "x": [0.333, 0.333, 0.333], "y": [0, 0, 0] },
              "t": 20,
              "s": [110, 110, 100]
            },
            {
              "i": { "x": [0.667, 0.667, 0.667], "y": [1, 1, 1] },
              "o": { "x": [0.333, 0.333, 0.333], "y": [0, 0, 0] },
              "t": 30,
              "s": [100, 100, 100]
            },
            {
              "i": { "x": [0.667, 0.667, 0.667], "y": [1, 1, 1] },
              "o": { "x": [0.333, 0.333, 0.333], "y": [0, 0, 0] },
              "t": 60,
              "s": [100, 100, 100]
            },
            {
              "i": { "x": [0.667, 0.667, 0.667], "y": [1, 1, 1] },
              "o": { "x": [0.333, 0.333, 0.333], "y": [0, 0, 0] },
              "t": 90,
              "s": [105, 105, 100]
            },
            { "t": 120, "s": [100, 100, 100] }
          ]
        }
      },
      "ao": 0,
      "shapes": [
        {
          "ty": "gr",
          "it": [
            {
              "d": 1,
              "ty": "el",
              "s": { "a": 0, "k": [120, 120] },
              "p": { "a": 0, "k": [0, 0] }
            },
            {
              "ty": "fl",
              "c": { "a": 0, "k": [0.102, 0.443, 0.18, 1] },
              "o": { "a": 0, "k": 100 }
            },
            {
              "ty": "tr",
              "p": { "a": 0, "k": [0, 0] },
              "a": { "a": 0, "k": [0, 0] },
              "s": { "a": 0, "k": [100, 100] },
              "r": { "a": 0, "k": 0 },
              "o": { "a": 0, "k": 100 }
            }
          ],
          "nm": "Circle"
        }
      ],
      "ip": 0,
      "op": 120,
      "st": 0
    },
    {
      "ddd": 0,
      "ind": 2,
      "ty": 4,
      "nm": "User Icon",
      "sr": 1,
      "ks": {
        "o": {
          "a": 1,
          "k": [
            {
              "i": { "x": [0.667], "y": [1] },
              "o": { "x": [0.333], "y": [0] },
              "t": 15,
              "s": [0]
            },
            {
              "i": { "x": [0.667], "y": [1] },
              "o": { "x": [0.333], "y": [0] },
              "t": 30,
              "s": [100]
            },
            { "t": 120, "s": [100] }
          ]
        },
        "r": { "a": 0, "k": 0 },
        "p": { "a": 0, "k": [150, 150, 0] },
        "a": { "a": 0, "k": [0, 0, 0] },
        "s": { "a": 0, "k": [80, 80, 100] }
      },
      "ao": 0,
      "shapes": [
        {
          "ty": "gr",
          "it": [
            {
              "ty": "el",
              "p": { "a": 0, "k": [0, -15] },
              "s": { "a": 0, "k": [40, 40] }
            },
            {
              "ty": "fl",
              "c": { "a": 0, "k": [1, 1, 1, 1] },
              "o": { "a": 0, "k": 100 }
            },
            {
              "ty": "tr",
              "p": { "a": 0, "k": [0, 0] },
              "a": { "a": 0, "k": [0, 0] },
              "s": { "a": 0, "k": [100, 100] },
              "r": { "a": 0, "k": 0 },
              "o": { "a": 0, "k": 100 }
            }
          ],
          "nm": "Head"
        },
        {
          "ty": "gr",
          "it": [
            {
              "ty": "path",
              "d": {
                "a": 0,
                "k": "M -30,30 C -30,0 30,0 30,30 L 30,40 C 30,40 -30,40 -30,40 L -30,30 z"
              }
            },
            {
              "ty": "fl",
              "c": { "a": 0, "k": [1, 1, 1, 1] },
              "o": { "a": 0, "k": 100 }
            },
            {
              "ty": "tr",
              "p": { "a": 0, "k": [0, 0] },
              "a": { "a": 0, "k": [0, 0] },
              "s": { "a": 0, "k": [100, 100] },
              "r": { "a": 0, "k": 0 },
              "o": { "a": 0, "k": 100 }
            }
          ],
          "nm": "Body"
        }
      ],
      "ip": 0,
      "op": 120,
      "st": 0
    },
    {
      "ddd": 0,
      "ind": 3,
      "ty": 4,
      "nm": "Sparkles",
      "sr": 1,
      "ks": {
        "o": { "a": 0, "k": 100 },
        "r": { "a": 0, "k": 0 },
        "p": { "a": 0, "k": [150, 150, 0] },
        "a": { "a": 0, "k": [0, 0, 0] },
        "s": { "a": 0, "k": [100, 100, 100] }
      },
      "ao": 0,
      "shapes": [
        {
          "ty": "gr",
          "it": [
            {
              "ty": "sr",
              "p": { "a": 0, "k": [70, -50] },
              "r": {
                "a": 1,
                "k": [
                  {
                    "i": { "x": [0.667], "y": [1] },
                    "o": { "x": [0.333], "y": [0] },
                    "t": 30,
                    "s": [0]
                  },
                  { "t": 120, "s": [360] }
                ]
              },
              "pt": { "a": 0, "k": 5 },
              "or": { "a": 0, "k": 15 },
              "ir": { "a": 0, "k": 5 }
            },
            {
              "ty": "fl",
              "c": { "a": 0, "k": [1, 0.843, 0, 1] },
              "o": {
                "a": 1,
                "k": [
                  {
                    "i": { "x": [0.667], "y": [1] },
                    "o": { "x": [0.333], "y": [0] },
                    "t": 30,
                    "s": [0]
                  },
                  {
                    "i": { "x": [0.667], "y": [1] },
                    "o": { "x": [0.333], "y": [0] },
                    "t": 45,
                    "s": [100]
                  },
                  {
                    "i": { "x": [0.667], "y": [1] },
                    "o": { "x": [0.333], "y": [0] },
                    "t": 90,
                    "s": [100]
                  },
                  { "t": 120, "s": [0] }
                ]
              }
            },
            {
              "ty": "tr",
              "p": { "a": 0, "k": [0, 0] },
              "a": { "a": 0, "k": [0, 0] },
              "s": { "a": 0, "k": [100, 100] },
              "r": { "a": 0, "k": 0 },
              "o": { "a": 0, "k": 100 }
            }
          ],
          "nm": "Sparkle 1"
        },
        {
          "ty": "gr",
          "it": [
            {
              "ty": "sr",
              "p": { "a": 0, "k": [-70, -50] },
              "r": {
                "a": 1,
                "k": [
                  {
                    "i": { "x": [0.667], "y": [1] },
                    "o": { "x": [0.333], "y": [0] },
                    "t": 40,
                    "s": [0]
                  },
                  { "t": 120, "s": [360] }
                ]
              },
              "pt": { "a": 0, "k": 5 },
              "or": { "a": 0, "k": 15 },
              "ir": { "a": 0, "k": 5 }
            },
            {
              "ty": "fl",
              "c": { "a": 0, "k": [1, 0.843, 0, 1] },
              "o": {
                "a": 1,
                "k": [
                  {
                    "i": { "x": [0.667], "y": [1] },
                    "o": { "x": [0.333], "y": [0] },
                    "t": 40,
                    "s": [0]
                  },
                  {
                    "i": { "x": [0.667], "y": [1] },
                    "o": { "x": [0.333], "y": [0] },
                    "t": 55,
                    "s": [100]
                  },
                  {
                    "i": { "x": [0.667], "y": [1] },
                    "o": { "x": [0.333], "y": [0] },
                    "t": 90,
                    "s": [100]
                  },
                  { "t": 120, "s": [0] }
                ]
              }
            },
            {
              "ty": "tr",
              "p": { "a": 0, "k": [0, 0] },
              "a": { "a": 0, "k": [0, 0] },
              "s": { "a": 0, "k": [100, 100] },
              "r": { "a": 0, "k": 0 },
              "o": { "a": 0, "k": 100 }
            }
          ],
          "nm": "Sparkle 2"
        }
      ],
      "ip": 0,
      "op": 120,
      "st": 0
    }
  ]
}
